Workbook

Sheet Task Plan
A1: Health Docket — Repo Restructuring Gantt
A2: Edit yellow cells only: Status, and Duration/Manual Start where shown. Everything else recalculates. Task list/phases/dependencies from policy-docket-design-spec.docx §8 (spec of record); durations are Claude's estimates, not from the spec.
A4: Project Start Date | B4: 2026-09-22
A5: As of / today | B5: =TODAY() -> 46284
A7: ID | B7: Task | C7: Phase | D7: Status | E7: Predecessor(s) | F7: Duration (days, Claude's estimate) | G7: Start Offset | H7: End Offset | I7: Start Date | J7: End Date | K7: Files this task creates/changes | L7: Notes | M7: Design reference (policy-docket-design-spec.docx) | N7: Verify done (run this yourself)
A8: 1 | B8: Design & migrate schema | C8: Foundation | D8: In progress | E8: — | F8: 7 | G8: 0 | H8: =G8+F8-1 -> 6 | I8: =$B$4+G8 -> 46287 | J8: =$B$4+H8 -> 46293 | K8: db/schema.sql; db/migrate_from_json.py; db/docket.sqlite (generated) | L8: Already started: db/schema.sql and db/migrate.py exist in the repo as of 2026-09-19. | M8: Spec §4 Data Model — column-level detail for bodies/meetings/meeting_documents/meeting_subjects, plus the full 11-table schema in §4 of the earlier system-design.docx. | N8: Run the migration script; row counts in the new tables must match meetings.json/briefing.json exactly, and every meeting_id/body_id foreign key must resolve — no orphans.
A9: 2 | B9: Verify Legistar API access (nnph-dboh) | C9: Foundation | D9: Not started | E9: — | F9: 3 | G9: 0 | H9: =G9+F9-1 -> 2 | I9: =$B$4+G9 -> 46287 | J9: =$B$4+H9 -> 46289 | K9: scrapers/legistar.py | L9: Also fix the nnph-dboh body_name bug found 2026-09-19: config says 'District Board of Health', the live Legistar site says 'Northern Nevada Public Health'. Spec §10 flags this as an open risk ("Legistar API access unconfirmed... org-level network/domain-allowlist question"). | M9: Spec §10 Risks & Open Questions — "Legistar API access unconfirmed" row; scrapers/legistar.py already has the webapi.legistar.com attempt + HTML fallback. | N9: Call webapi.legistar.com/v1/washoe/events directly; confirm it returns real event JSON, not an error. If it fails, run the HTML-fallback path in legistar.py and confirm it returns real meetings for 'Northern Nevada Public Health' (not zero, per the body_name bug above).
A10: 3 | B10: Harden NELIS scraper selectors | C10: Foundation | D10: Not started | E10: — | F10: 4 | G10: 0 | H10: =G10+F10-1 -> 3 | I10: =$B$4+G10 -> 46287 | J10: =$B$4+H10 -> 46290 | K10: scrapers/nelis.py | L10: Repo's own docstring calls this 'the least-tested scraper' — selectors were written blind, never verified against the live site. | M10: Spec §10 Risks & Open Questions — "NELIS selectors unverified... Open — Task 3 in the build plan." | N10: Run scrapers/nelis.py against the live leg.state.nv.us site; confirm it returns real meeting rows for the Joint Interim Standing Committee on Health & Human Services, not an empty list.
A11: 4 | B11: Provision hosting | C11: Foundation | D11: Not started | E11: — | F11: 4 | G11: 3 | H11: =G11+F11-1 -> 6 | I11: =$B$4+G11 -> 46290 | J11: =$B$4+H11 -> 46293 | K11: deploy/render.yaml (or fly.toml); deploy/.env.example | L11: The one task where Jack creates the account/billing — not something Claude can do. | M11: Spec §9.3 Rough cost estimate — hosting ~$5-10/mo (Render, Railway, Fly.io, or a cheap VPS). | N11: Hit the hosted app's URL from a browser with no VPN, on a different network than Jack's Mac; confirm it actually responds, not just reachable on localhost.
A12: 5 | B12: Backend API | C12: Backend/Frontend | D12: Not started | E12: T1 | F12: 10 | G12: =$H$8+1 -> 7 | H12: =G12+F12-1 -> 16 | I12: =$B$4+G12 -> 46294 | J12: =$B$4+H12 -> 46303 | K12: api/main.py; api/db.py; api/routes/policy_areas.py; api/routes/health.py; api/routes/subjects.py; api/routes/focus_areas.py | L12: Needs the schema from Task 1. Seven endpoints per spec §6. | M12: Spec §6 API Specification — 7 endpoints: GET /api/policy-areas, GET /api/policy-areas/{slug}/snapshot, /attention, /bodies, GET /api/subjects/{slug}, GET+POST /api/focus-areas. Every read endpoint returns {data, generated_at}; AI-derived fields nest under model_version (spec §6, NFR3). | N12: curl each of the 7 endpoints in spec §6 against the running API; confirm each returns the documented JSON envelope {data, generated_at} and the correct error code (404/400) for bad input.
A13: 6 | B13: Document capture pipeline | C13: Data pipeline | D13: Not started | E13: T1, T2, T3 | F13: 10 | G13: =MAX($H$8,$H$9,$H$10)+1 -> 7 | H13: =G13+F13-1 -> 16 | I13: =$B$4+G13 -> 46294 | J13: =$B$4+H13 -> 46303 | K13: pipeline/capture_documents.py | L13: Per spec §8, this depends on the schema AND both scraper-verification tasks — not just the schema — since it needs confirmed-working scrapers to know which documents are even reachable. | M13: Spec §9.2 pipeline stage table, row 'Capture documents': input = meeting_documents rows with a source_file_url, output = files downloaded + capture_status updated, failure = a 404/auth wall sets capture_status back to not_linked with a logged reason. | N13: Query meeting_documents after a run; confirm capture_status has moved past 'not_linked' for at least one meeting with a known real agenda/minutes URL, and that the file actually downloaded.
A14: 7 | B14: Extraction pipeline (OCR + LLM) | C14: Data pipeline | D14: Not started | E14: T6 | F14: 7 | G14: =$H$13+1 -> 17 | H14: =G14+F14-1 -> 23 | I14: =$B$4+G14 -> 46304 | J14: =$B$4+H14 -> 46310 | K14: pipeline/extract_text.py | L14: Needs captured documents from Task 6. | M14: Spec §9.2 pipeline stage table, row 'Extract': input = captured files, output = extracted_text + extraction_status, failure = OCR/LLM failure sets extraction_status='failed', keeps prior state. | N14: Query a captured meeting's extracted_text column; confirm it holds real text pulled from the actual file, not null/empty, and extraction_status = success.
A15: 8 | B15: Subject tagging (LLM) | C15: Data pipeline | D15: Not started | E15: T7 | F15: 7 | G15: =$H$14+1 -> 24 | H15: =G15+F15-1 -> 30 | I15: =$B$4+G15 -> 46311 | J15: =$B$4+H15 -> 46317 | K15: pipeline/tag_subjects.py | L15: Needs extracted text from Task 7. | M15: Spec §4.1 meeting_subjects table (meeting_id, subject_id, confidence, tagged_by) + §9.2 pipeline stage 'Tag subjects': below-threshold confidence is stored and surfaced, never discarded. | N15: Query meeting_subjects for a known meeting (e.g. the House E&C Medicaid hearing already in the repo); confirm a real subject_id and confidence score, tagged_by='ai' — not the old body-level admin tag standing in for it.
A16: 9 | B16: Briefing generation upgrade | C16: Data pipeline | D16: Not started | E16: T8 | F16: 3 | G16: =$H$15+1 -> 31 | H16: =G16+F16-1 -> 33 | I16: =$B$4+G16 -> 46318 | J16: =$B$4+H16 -> 46320 | K16: pipeline/generate_briefings.py | L16: Needs real subject tags from Task 8. | M16: Spec §9.2 pipeline stage table, row 'Generate briefings': input = extracted_text + meeting_subjects, output = briefings rows with model_version. | N16: Check briefings for that same meeting; confirm the note text reflects the actual extracted agenda/minutes content, not just the meeting title the way the current generator does.
A17: 10 | B17: Frontend cutover to live API | C17: Launch | D17: Not started | E17: T5, T9, T4 | F17: 10 | G17: =MAX($H$12,$H$16,$H$11)+1 -> 34 | H17: =G17+F17-1 -> 43 | I17: =$B$4+G17 -> 46321 | J17: =$B$4+H17 -> 46330 | K17: templates/overview.html.j2; templates/health.html.j2; templates/subject.html.j2; static/docket.css; static/docket.js; .github/workflows/weekly-refresh.yml; README.md; retires data/*.json and scripts/render_site.py | L17: Per spec §8, this is the single final task — ports the prototype's screens to the live API AND cuts over hosting/CI in one step, rather than two separate tasks. | M17: Spec §7 Frontend Implementation Approach + §6 (swap each screen's hardcoded JS array for a fetch() call to its matching endpoint). | N17: Open the live hosted site; confirm the Medicaid subject page pulls from the real API (Network tab shows a fetch to /api/subjects/medicaid, not a hardcoded array) and the Overview grid's counts match a direct query against the database.
A20: Phase legend: | B20: Foundation | C20: Data pipeline | D20: Backend/Frontend | E20: Launch
A23: Session log — append one row per session, don't overwrite prior rows
A24: Date | B24: What changed | C24: Task status changes
A25: 2026-09-19 | B25: Rebuilt this Task Plan's 10 rows to match policy-docket-design-spec.docx §8 Build Plan (previously based on the outdated “Docket Build Map” artifact, which used a different task split and dependency set). Added the Design reference and Verify done columns. | C25: No task status changed by this rebuild. Task 1 remains In progress (unchanged from prior session).

Sheet Gantt
A1: Health Docket — Gantt (auto-updates from Task Plan)
A2: Change dates/durations/status on the Task Plan tab — this chart redraws itself.
A4: ID | B4: Task (status) | C4: Phase | D4: 0 | E4: 1 | F4: 2 | G4: 3 | H4: 4 | I4: 5 | J4: 6 | K4: 7 | L4: 8 | M4: 9 | N4: 10 | O4: 11 | P4: 12 | Q4: 13 | R4: 14 | S4: 15 | T4: 16 | U4: 17 | V4: 18 | W4: 19 | X4: 20 | Y4: 21 | Z4: 22 | AA4: 23 | AB4: 24 | AC4: 25 | AD4: 26 | AE4: 27 | AF4: 28 | AG4: 29 | AH4: 30 | AI4: 31 | AJ4: 32 | AK4: 33 | AL4: 34 | AM4: 35 | AN4: 36 | AO4: 37 | AP4: 38 | AQ4: 39 | AR4: 40 | AS4: 41 | AT4: 42 | AU4: 43 | AW4: StartOff | AX4: EndOff
D5: ='Task Plan'!$B$4+0 -> 46287 | E5: ='Task Plan'!$B$4+1 -> 46288 | F5: ='Task Plan'!$B$4+2 -> 46289 | G5: ='Task Plan'!$B$4+3 -> 46290 | H5: ='Task Plan'!$B$4+4 -> 46291 | I5: ='Task Plan'!$B$4+5 -> 46292 | J5: ='Task Plan'!$B$4+6 -> 46293 | K5: ='Task Plan'!$B$4+7 -> 46294 | L5: ='Task Plan'!$B$4+8 -> 46295 | M5: ='Task Plan'!$B$4+9 -> 46296 | N5: ='Task Plan'!$B$4+10 -> 46297 | O5: ='Task Plan'!$B$4+11 -> 46298 | P5: ='Task Plan'!$B$4+12 -> 46299 | Q5: ='Task Plan'!$B$4+13 -> 46300 | R5: ='Task Plan'!$B$4+14 -> 46301 | S5: ='Task Plan'!$B$4+15 -> 46302 | T5: ='Task Plan'!$B$4+16 -> 46303 | U5: ='Task Plan'!$B$4+17 -> 46304 | V5: ='Task Plan'!$B$4+18 -> 46305 | W5: ='Task Plan'!$B$4+19 -> 46306 | X5: ='Task Plan'!$B$4+20 -> 46307 | Y5: ='Task Plan'!$B$4+21 -> 46308 | Z5: ='Task Plan'!$B$4+22 -> 46309 | AA5: ='Task Plan'!$B$4+23 -> 46310 | AB5: ='Task Plan'!$B$4+24 -> 46311 | AC5: ='Task Plan'!$B$4+25 -> 46312 | AD5: ='Task Plan'!$B$4+26 -> 46313 | AE5: ='Task Plan'!$B$4+27 -> 46314 | AF5: ='Task Plan'!$B$4+28 -> 46315 | AG5: ='Task Plan'!$B$4+29 -> 46316 | AH5: ='Task Plan'!$B$4+30 -> 46317 | AI5: ='Task Plan'!$B$4+31 -> 46318 | AJ5: ='Task Plan'!$B$4+32 -> 46319 | AK5: ='Task Plan'!$B$4+33 -> 46320 | AL5: ='Task Plan'!$B$4+34 -> 46321 | AM5: ='Task Plan'!$B$4+35 -> 46322 | AN5: ='Task Plan'!$B$4+36 -> 46323 | AO5: ='Task Plan'!$B$4+37 -> 46324 | AP5: ='Task Plan'!$B$4+38 -> 46325 | AQ5: ='Task Plan'!$B$4+39 -> 46326 | AR5: ='Task Plan'!$B$4+40 -> 46327 | AS5: ='Task Plan'!$B$4+41 -> 46328 | AT5: ='Task Plan'!$B$4+42 -> 46329 | AU5: ='Task Plan'!$B$4+43 -> 46330
A7: ='Task Plan'!A8 -> 1 | B7: ='Task Plan'!B8&" ["&'Task Plan'!D8&"]" -> Design & migrate schema [In progress] | C7: ='Task Plan'!C8 -> Foundation | AW7: ='Task Plan'!G8 -> 0 | AX7: ='Task Plan'!H8 -> 6
A8: ='Task Plan'!A9 -> 2 | B8: ='Task Plan'!B9&" ["&'Task Plan'!D9&"]" -> Verify Legistar API access (nnph-dboh) [Not started] | C8: ='Task Plan'!C9 -> Foundation | AW8: ='Task Plan'!G9 -> 0 | AX8: ='Task Plan'!H9 -> 2
A9: ='Task Plan'!A10 -> 3 | B9: ='Task Plan'!B10&" ["&'Task Plan'!D10&"]" -> Harden NELIS scraper selectors [Not started] | C9: ='Task Plan'!C10 -> Foundation | AW9: ='Task Plan'!G10 -> 0 | AX9: ='Task Plan'!H10 -> 3
A10: ='Task Plan'!A11 -> 4 | B10: ='Task Plan'!B11&" ["&'Task Plan'!D11&"]" -> Provision hosting [Not started] | C10: ='Task Plan'!C11 -> Foundation | AW10: ='Task Plan'!G11 -> 3 | AX10: ='Task Plan'!H11 -> 6
A11: ='Task Plan'!A12 -> 5 | B11: ='Task Plan'!B12&" ["&'Task Plan'!D12&"]" -> Backend API [Not started] | C11: ='Task Plan'!C12 -> Backend/Frontend | AW11: ='Task Plan'!G12 -> 7 | AX11: ='Task Plan'!H12 -> 16
A12: ='Task Plan'!A13 -> 6 | B12: ='Task Plan'!B13&" ["&'Task Plan'!D13&"]" -> Document capture pipeline [Not started] | C12: ='Task Plan'!C13 -> Data pipeline | AW12: ='Task Plan'!G13 -> 7 | AX12: ='Task Plan'!H13 -> 16
A13: ='Task Plan'!A14 -> 7 | B13: ='Task Plan'!B14&" ["&'Task Plan'!D14&"]" -> Extraction pipeline (OCR + LLM) [Not started] | C13: ='Task Plan'!C14 -> Data pipeline | AW13: ='Task Plan'!G14 -> 17 | AX13: ='Task Plan'!H14 -> 23
A14: ='Task Plan'!A15 -> 8 | B14: ='Task Plan'!B15&" ["&'Task Plan'!D15&"]" -> Subject tagging (LLM) [Not started] | C14: ='Task Plan'!C15 -> Data pipeline | AW14: ='Task Plan'!G15 -> 24 | AX14: ='Task Plan'!H15 -> 30
A15: ='Task Plan'!A16 -> 9 | B15: ='Task Plan'!B16&" ["&'Task Plan'!D16&"]" -> Briefing generation upgrade [Not started] | C15: ='Task Plan'!C16 -> Data pipeline | AW15: ='Task Plan'!G16 -> 31 | AX15: ='Task Plan'!H16 -> 33
A16: ='Task Plan'!A17 -> 10 | B16: ='Task Plan'!B17&" ["&'Task Plan'!D17&"]" -> Frontend cutover to live API [Not started] | C16: ='Task Plan'!C17 -> Launch | AW16: ='Task Plan'!G17 -> 34 | AX16: ='Task Plan'!H17 -> 43
A19: Phase legend: | B19: Foundation | C19: Data pipeline | D19: Backend/Frontend | E19: Launch
